"Id","Name","Surname","Initials","Age","DateOfBirth"
"1","John","Smith","J","5","09/03/2017"
"2","Jane","Johnson","J","95","26/10/1927"
"3","Joe","Williams","J","98","26/01/1924"
"4","Jack","Jones","J","45","13/09/1977"
"5","Jill","Brown","J","33","10/03/1989"
"6","Jenny","Davis","J","65","21/05/1957"
"7","Chanelle","Miller","C","60","30/11/1962"
"8","Andre","Wilson","A","40","30/05/1982"
"9","Ruth","Moore","R","77","14/10/1945"
"10","Sally","Taylor","S","5","12/03/2017"
"11","Sue","Anderson","S","30","02/05/1992"
"12","Ross","Thomas","R","12","17/12/2010"
"13","Rachel","Jackson","R","0","08/06/2022"
"14","Samantha","Bosiger","S","83","19/07/1939"
"15","Sophie","Harris","S","74","07/01/1948"
"16","Tyron","Martin","T","61","11/06/1961"
"17","Shane","Thompson","S","35","04/03/1987"
"18","Trevor","Garcia","T","34","03/02/1988"
"19","Travis","Martinez","T","77","09/11/1945"
"20","Tyson","Robinson","T","65","24/04/1957"